{
  "clf_type": "pkl",
  "clf_name": "RandomForest_200",
  "pkl_path": "C:\\Users\\hp\\.gemini\\antigravity\\scratch\\spot-the-fake\\model\\classifier.pkl",
  "feature_names": [
    "hf_energy_ratio",
    "hf_peak_to_mean",
    "directional_asymmetry",
    "laplacian_variance",
    "saturation_entropy",
    "brightness_mean",
    "brightness_std",
    "glare_ratio",
    "jpeg_blockiness",
    "noise_level",
    "chroma_blur_ratio",
    "saturation_std",
    "fft_radial_falloff"
  ],
  "scaler_mean": [
    0.9020082397559255,
    2.2622330557439745,
    0.599166609577297,
    3287.9521101332202,
    2.6868065225402105,
    0.5610963878865095,
    0.2054247561189317,
    0.015230395130275451,
    1.2065343783073819,
    104.58657786642806,
    1.0282983976541107,
    0.18072652813892082,
    0.08733271838156219
  ],
  "scaler_scale": [
    0.003150463882291778,
    0.2229644643618467,
    0.0273186503667772,
    3737.6961032632344,
    0.5891682875611108,
    0.1561340100656139,
    0.058875819057450464,
    0.06393353120518075,
    0.2185321960010457,
    157.41746644123305,
    0.054572722467185045,
    0.0676041274084374,
    0.0026474650844547625
  ],
  "loo_accuracy": 0.9588,
  "n_total": 97,
  "n_real": 47,
  "n_screen": 50
}